<?xml version="1.0" encoding="UTF-8"?>
<?xml-stylesheet href="cafeteras.xsl" type="text/xsl"?>
<capsulas xmlns:xsi="http://www.w3.org/2001/XMLSchema-instance" xsi:noNamespaceSchemaLocation="cafeteras.xsd">
	<cafeteras>
		<cafetera>
			<dibujo ruta="Piccolo_xs.png"/>
			<fabricante>Delonghi</fabricante>
			<modelo>Piccolo XS</modelo>
			<tipo>Manual</tipo>
			<web enlace="https://www.dolce-gusto.es/cafeteras/piccoloxs/piccolo-xs-delonghi-manual-negra">Web oficial Piccolo.</web>
			<precio moneda="Euro">89</precio>
		</cafetera>
     	<cafetera>
			 <dibujo ruta="infinissima.png"/>
			<fabricante>Delonghi</fabricante>
			<modelo>Infinissima</modelo>
			<tipo>Manual</tipo>
			<web enlace="https://www.dolce-gusto.es/cafeteras/infinissima/infinissima-delonghi-manual-roja">Web oficial infinissima.</web>
			<precio moneda="Euro">89</precio>
	    </cafetera>
		<cafetera>
			<dibujo ruta="lumio.jpg"/>
			<fabricante>Krups</fabricante>
			<modelo>Lumio</modelo>
			<tipo>Automática</tipo>
			<web enlace="https://www.dolce-gusto.es/cafeteras/lumio-krups-automatica-blanca"> Web oficial Lumio.</web>
			<precio moneda="Euro">99</precio>
		</cafetera>
		<cafetera>
			<dibujo ruta="eclipse.jpg"/>
			<fabricante>Delonghi</fabricante>
			<modelo>Eclipse</modelo>
			<tipo>Automática</tipo>
			<web enlace="https://www.dolce-gusto.es/cafeteras/eclipse-delonghi-automatica-plata">Web oficial eclipse silver.</web>
			<precio moneda="Euro">79</precio>
		</cafetera>
		<cafetera>
			<dibujo ruta="genio.jpg"/>
			<fabricante>Delongui</fabricante>
			<modelo>Genio</modelo>
			<tipo>Automática</tipo>
			<web enlace="https://www.dolce-gusto.es/cafeteras/genio-delonghi-automatica-negra">Web oficial.</web>
			<precio moneda="Euro">129</precio>
		</cafetera>
		<cafetera>
			<dibujo ruta="minime.png"/>
			<fabricante>Delonghi</fabricante>
			<modelo>Mini ME</modelo>
			<tipo>Automática.</tipo>
			<web enlace="https://www.dolce-gusto.es/cafeteras/mini-me-delonghi-automatica-ferrari-rojo">Web oficial mini.</web>
			<precio moneda="Euro">99</precio>
		</cafetera>
		<cafetera>
			<dibujo ruta="colors.jpg"/>
			<fabricante>Delongui</fabricante>
			<modelo>Colors</modelo>
			<tipo>Automática</tipo>
			<web enlace="https://www.dolce-gusto.es/cafeteras/colors-automatica-negra-delonghi">Web oficial colors.</web>
			<precio moneda="Euro">99</precio>
		</cafetera>
	</cafeteras>
</capsulas>